URL,NAME
www.autonomousenergy.com,Autonomous Energy
www.bradfordsolar.com.au,CSR Bradford
www.citytosurfsolar.com.au,City to Surf Solar
www.cherryenergysolutions.com.au,Cherry Energy Solutions
www.cleanenergysolar.com.au,Clean Energy Solar
www.cleanearthservices.com.au,Clean Earth Services
energis.com.au,Energis
www.energymatters.com.au,Energy Matters
www.energyreductions.com.au,Energy Reductions
www.enervest.com.au,Enervest
www.envirogroup.com.au,EnviroGroup
envirolinkau.com.au,Envirolink
www.epho.com.au,epho
www.evergen.com.au,Evergen
www.gippslandsolar.com.au,Gippsland Solar
www.infiniteenergy.com.au,Infinite Energy
www.au.issworld.com,ISS
www.keppelprince.com,Keppel Prince
www.lakessolar.com.au,Lakes Solar
www.lecaustralia.com.au,LECA
www.metrosolar.com.au,Metro Solar
ngelectrical.com.au,Next Generation Electrical
nu-tility.com,nu-tility
www.offgridenergy.com.au,Off Grid Energy Australia
www.photonenergy.com.au,Photon Energy
www.solarhub.net.au,Solar Hub
www.solgen.com.au,Solgen Energy Group
www.sunedison.com.au,SunEdison
www.sunergysolar.com.au,Sunergy
www.suntrix.com.au,SunTrix
www.totalsolarsolutions.com.au,Total Solar Solutions
www.unitedsolarenergy.com.au,United Solar Energy
